<features>
    <feature>
        <title>Gift Shop</title>
        <description>Browse a wide variety of gifts for all occasions.</description>
        <image>https://via.placeholder.com/400x300?text=Gift+Shop</image>
    </feature>
    <feature>
        <title>Movie Booking</title>
        <description>Book your movie tickets easily online.</description>
        <image>https://via.placeholder.com/400x300?text=Movie+Booking</image>
    </feature>
    <feature>
        <title>E-commerce</title>
        <description>Shop your favorite items with just a click.</description>
        <image>https://via.placeholder.com/400x300?text=E-Commerce</image>
    </feature>
</features>
