{
    "packages": [
        {
            "price": "$39/Month",
            "title": "Body Building Training",
            "features": [
                "Get Free WiFi",
                "Month to Month",
                "No Time Restrictions",
                "Gym and Cardio",
                "Service Locker Rooms"
            ]
        },
        {
            "price": "$49/Month",
            "title": "Body Building Training",
            "features": [
                "Get Free WiFi",
                "Month to Month",
                "No Time Restrictions",
                "Gym and Cardio",
                "Service Locker Rooms"
            ]
        },
        {
            "price": "$59/Month",
            "title": "Body Building Training",
            "features": [
                "Get Free WiFi",
                "Month to Month",
                "No Time Restrictions",
                "Gym and Cardio",
                "Service Locker Rooms"
            ]
        }
    ]
}