<?xml version="1.0" encoding="UTF-8"?>
<packages>
    <package>
        <price>$69/Month</price>
        <title>Body Building Training</title>
        <features>
            <feature>Get Free WiFi</feature>
            <feature>Month to Month</feature>
            <feature>No Time Restrictions</feature>
            <feature>Gym and Cardio</feature>
            <feature>Service Locker Rooms</feature>
        </features>
    </package>
    <package>
        <price>$79/Month</price>
        <title>Body Building Training</title>
        <features>
            <feature>Get Free WiFi</feature>
            <feature>Month to Month</feature>
            <feature>No Time Restrictions</feature>
            <feature>Gym and Cardio</feature>
            <feature>Service Locker Rooms</feature>
        </features>
    </package>
    <package>
        <price>$89/Month</price>
        <title>Body Building Training</title>
        <features>
            <feature>Get Free WiFi</feature>
            <feature>Month to Month</feature>
            <feature>No Time Restrictions</feature>
            <feature>Gym and Cardio</feature>
            <feature>Service Locker Rooms</feature>
        </features>
    </package>
</packages>