<managers>
    <manager>
        <name>John Doe</name>
        <role>Senior Event Manager</role>
        <description>John has over 10 years of experience in managing large-scale IT events.</description>
        <image>images/john.jpg</image>
        <email>john.doe@example.com</email>
    </manager>
    <manager>
        <name>Jane Smith</name>
        <role>Event Coordinator</role>
        <description>Jane specializes in logistics and ensures every event runs smoothly.</description>
        <image>images/jane.jpg</image>
        <email>jane.smith@example.com</email>
    </manager>
    <manager>
        <name>Mike Johnson</name>
        <role>Technical Event Manager</role>
        <description>Mike handles all technical aspects, from AV setups to live streaming.</description>
        <image>images/mike.jpg</image>
        <email>mike.johnson@example.com</email>
    </manager>
</managers>