{
    "about": {
      "heading": "About Us",
      "paragraph": "We specialize in delivering beautiful, functional, and scalable web solutions. With a team of experienced developers and designers, we transform ideas into reality. Lorem ipsum dolor sit amet consectetur adipisicing elit. Repudiandae et quis blanditiis modi rerum, molestias excepturi itaque aut iure tempore, possimus quod ullam illum. Vel facilis sit laudantium iure quibusdam."
    },
    "services": {
      "heading": "Our Services",
      "paragraph": "From front-end design to back-end development, we provide full-stack solutions. We also offer SEO services and branding to boost your online presence. Lorem ipsum dolor sit amet consectetur adipisicing elit. Repudiandae et quis blanditiis modi rerum, molestias excepturi itaque aut iure tempore, possimus quod ullam illum. Vel facilis sit laudantium iure quibusdam."
    }
  }
  